,MODEL,PRICE,MODEL YEAR,CAR AGE,JAPANESE,FUEL,ODOMETER,TITLE STATUS,TRANSMISSION,CONDITION,CYLINDERS,DRIVE,PAINT COLOR,SIZE,TYPE,VIN
0,CHEVROLET,23000,2008.0,14.0,0.0,diesel,240000,clean,automatic,,,,,,,
1,CHEVROLET SILVERADO 1500,7300,2005.0,17.0,0.0,gas,189528,clean,automatic,good,8 cylinders,4wd,white,full-size,pickup,
2,VW JETTA,2000,2008.0,14.0,0.0,gas,231850,clean,manual,good,5 cylinders,fwd,black,,sedan,3VWRM71K88M027036
3,CHEVROLET SUBURBAN,7500,2008.0,14.0,0.0,gas,202000,clean,manual,fair,,,black,full-size,SUV,
4,CHEVROLET,8000,1956.0,66.0,0.0,gas,777777,clean,automatic,,,,,,,
5,CJ7 JEEP,12000,1977.0,45.0,0.0,gas,104000,missing,manual,good,6 cylinders,4wd,red,,offroad,
6,TOYOTA SUPRA,4700,1985.0,37.0,1.0,gas,123881,clean,manual,fair,6 cylinders,rwd,blue,mid-size,hatchback,
7,SUZUKI SIDE KICK,1800,1996.0,26.0,1.0,gas,139000,clean,manual,fair,4 cylinders,rwd,,,,
8,CHEVROLET SILVERADO 1500,12775,2000.0,22.0,0.0,gas,104000,clean,automatic,like new,,,,,,
9,CHEVROLET VENTURE VAN,950,2001.0,21.0,0.0,gas,200000,clean,automatic,good,6 cylinders,fwd,silver,,mini-van,
10,CHEVROLET CORVETTE,25750,2001.0,21.0,0.0,gas,21500,clean,manual,like new,8 cylinders,rwd,red,,,
11,DODGE DAKOTA,4500,2001.0,21.0,0.0,gas,,clean,automatic,good,8 cylinders,rwd,green,mid-size,pickup,
12,FORD F250 SUPER DUTY,14000,2002.0,20.0,0.0,diesel,245000,clean,automatic,good,8 cylinders,4wd,red,full-size,truck,
13,PORSCHE BOXSTER S,22500,2002.0,20.0,0.0,gas,44800,clean,manual,excellent,,rwd,grey,,convertible,
14,PORSCHE CARRERA 4S,40750,2002.0,20.0,0.0,gas,37625,clean,manual,excellent,,4wd,grey,,coupe,
15,NISSAN XTERRA,3500,2002.0,20.0,1.0,gas,167877,clean,automatic,fair,,4wd,red,,SUV,
16,NISSAN XTERRA 4X4,2500,2002.0,20.0,1.0,gas,167000,clean,automatic,good,4 cylinders,4wd,red,,,
17,DODGE DURANGO,5000,2004.0,18.0,0.0,gas,154000,clean,automatic,good,8 cylinders,4wd,silver,mid-size,SUV,
18,FORD F450 SUPER DUTY CREW,16999,2004.0,18.0,0.0,diesel,232000,rebuilt,automatic,good,8 cylinders,rwd,white,full-size,,
19,PORSCHE BOXSTER,14500,2004.0,18.0,0.0,gas,95750,clean,automatic,good,6 cylinders,rwd,silver,,,
20,PORSCHE BOXSTER S,25750,2004.0,18.0,0.0,gas,50000,clean,manual,excellent,6 cylinders,rwd,red,,convertible,
21,TOYOTA SOLARA,3500,2004.0,18.0,1.0,gas,173000,clean,automatic,good,4 cylinders,fwd,blue,mid-size,,
22,DODGE DAKOTA,5500,2005.0,17.0,0.0,gas,138000,clean,automatic,excellent,8 cylinders,,,,,
23,HONDA CRV,5900,2005.0,17.0,1.0,gas,152222,clean,automatic,good,4 cylinders,4wd,grey,sub-compact,SUV,
24,JEEP GRAND CHEROKEE LIMITED,6000,2005.0,17.0,0.0,gas,183500,clean,automatic,good,8 cylinders,rwd,,full-size,SUV,
25,BMW 330I,13500,2006.0,16.0,0.0,gas,41250,clean,automatic,excellent,6 cylinders,rwd,grey,,sedan,
26,MERCEDES BENZ E500,7000,2006.0,16.0,0.0,gas,144510,clean,automatic,like new,8 cylinders,rwd,black,full-size,sedan,
27,TOYOTA AVALON XLS,10000,2008.0,14.0,1.0,gas,67000,clean,automatic,good,6 cylinders,fwd,,,sedan,
28,TOYOTA COROLLA,2700,2009.0,13.0,1.0,gas,198000,clean,automatic,fair,4 cylinders,fwd,red,compact,sedan,
29,FORD F-150,17000,2010.0,12.0,0.0,gas,138000,clean,automatic,good,,,,,,
30,RAM 2500,26000,2011.0,11.0,0.0,diesel,113000,salvage,automatic,,6 cylinders,4wd,silver,full-size,truck,
31,CHEVROLET AVALANCHE LT,17000,2012.0,10.0,0.0,gas,130775,clean,automatic,excellent,8 cylinders,rwd,red,full-size,truck,3GNMCFE05CG100784
32,FORD ECONOLINE E150 CARGO VAN,5500,2012.0,10.0,0.0,gas,205176,clean,automatic,good,8 cylinders,rwd,white,full-size,van,
33,MERCEDES BENZ SL550,59000,2013.0,9.0,0.0,gas,5764,clean,automatic,like new,8 cylinders,rwd,silver,full-size,convertible,
34,FORD F-150 XLT,29900,2015.0,7.0,0.0,gas,73000,clean,automatic,excellent,6 cylinders,rwd,brown,,,
35,MINI COOPER,16995,2016.0,6.0,0.0,gas,42210,clean,automatic,excellent,,fwd,red,compact,hatchback,WMWXP5C54G2D15042
36,FORD MUSTANG,2500,1996.0,26.0,0.0,gas,170000,clean,automatic,,6 cylinders,,red,,,
37,BMW 328I,8500,2009.0,13.0,0.0,gas,128000,clean,automatic,,,,,,,
38,CHRYSLER PT CRUISER,2000,2003.0,19.0,0.0,gas,182000,clean,automatic,good,4 cylinders,,white,,,
39,HONDA ACCORD,4000,2004.0,18.0,1.0,gas,150000,clean,automatic,good,6 cylinders,fwd,blue,full-size,sedan,
40,FORD F150 LARIAT 4X4,3000,1990.0,32.0,0.0,gas,,clean,automatic,fair,8 cylinders,4wd,,,,
41,ISUZU VEHICROSS,10000,1999.0,23.0,1.0,gas,7000,clean,manual,excellent,6 cylinders,4wd,,,,
42,FORD FIESTA SES,5800,2011.0,11.0,0.0,gas,137861,clean,automatic,,,,,,,
43,FORD F-150,6500,2002.0,20.0,0.0,gas,128502,clean,automatic,excellent,8 cylinders,rwd,red,full-size,pickup,1FTRX17L12KA58974
44,DODGE RAM 1500,6500,2008.0,14.0,0.0,gas,130000,rebuilt,automatic,,,,,,,
45,TOYOTA CAMRY HYBRID,5500,2009.0,13.0,1.0,gas,221441,clean,automatic,excellent,4 cylinders,,silver,full-size,sedan,
46,TOYOTA PICKUP,4500,1988.0,34.0,1.0,gas,231898,clean,manual,good,4 cylinders,4wd,green,,pickup,
47,TOYOTA TACOMA,4000,2001.0,21.0,1.0,gas,250000,clean,manual,,4 cylinders,,,full-size,,
48,MINI COOPER COUNTRYMAN,8000,2013.0,9.0,0.0,gas,165000,clean,manual,excellent,4 cylinders,fwd,blue,,,
49,FORD FREESTAR SE,4000,2006.0,16.0,0.0,gas,151000,clean,automatic,good,6 cylinders,fwd,blue,compact,mini-van,2FMDA51616BA49273
50,RAM 2500,32000,2016.0,6.0,0.0,gas,120000,clean,automatic,good,8 cylinders,4wd,black,full-size,truck,
51,CHEVROLET 2500HD DURAMAX DIESEL,69500,2019.0,3.0,0.0,diesel,44000,clean,automatic,like new,,4wd,grey,full-size,truck,
52,DODGE RAM 1500,1850,1990.0,32.0,0.0,gas,,clean,automatic,fair,8 cylinders,rwd,white,,pickup,1B7GE06Y9LS722850
53,FORD F-150 XLT 4X4,5000,1987.0,35.0,0.0,gas,,clean,manual,fair,8 cylinders,4wd,blue,full-size,pickup,
54,HONDA ACCORD,3200,2005.0,17.0,1.0,gas,233000,clean,automatic,good,4 cylinders,fwd,black,compact,coupe,
55,TOYOTA TACOMA,9399,2006.0,16.0,1.0,gas,218000,clean,automatic,good,6 cylinders,rwd,white,full-size,truck,
56,DODGE RAM 1500 4X4,12500,2009.0,13.0,0.0,gas,184000,clean,automatic,excellent,8 cylinders,4wd,silver,full-size,truck,
57,VW JETTA SE,4000,2010.0,12.0,0.0,gas,92000,clean,automatic,,,fwd,black,full-size,,
58,FORD F-250 SUPER DUTY,17500,2012.0,10.0,0.0,gas,151000,salvage,automatic,,,4wd,white,full-size,truck,
59,INFINITI QX60,14800,2015.0,7.0,1.0,gas,66700,salvage,automatic,excellent,6 cylinders,fwd,black,full-size,SUV,
60,KIA OPTIMA SX TURBO,11999,2015.0,7.0,0.0,gas,54000,salvage,automatic,good,4 cylinders,fwd,white,full-size,sedan,5XXGR4A62FG494691
61,NISSAN PATHFINDER PLATINUM 4X4,13999,2015.0,7.0,1.0,gas,72500,salvage,automatic,excellent,6 cylinders,4wd,grey,full-size,SUV,
62,NISSAN PATHFINDER PLATINUM 4X4,14250,2015.0,7.0,1.0,gas,72500,salvage,automatic,excellent,6 cylinders,4wd,grey,full-size,SUV,
63,TOYOTA CAMRY,13999,2015.0,7.0,1.0,gas,52000,salvage,automatic,excellent,4 cylinders,fwd,silver,full-size,sedan,
64,TOYOTA CAMRY,13750,2015.0,7.0,1.0,gas,52000,salvage,automatic,excellent,4 cylinders,fwd,silver,full-size,sedan,
65,MERCEDES BENZ C300,23900,2016.0,6.0,0.0,gas,42112,rebuilt,automatic,excellent,4 cylinders,4wd,blue,mid-size,sedan,55SWF4KB7GU127997
66,RAM 1500,26000,2016.0,6.0,0.0,gas,83000,salvage,automatic,like new,6 cylinders,4wd,grey,full-size,pickup,1C6RR7NG6GS302426
67,BUICK ENCLAVE,18899,2017.0,5.0,0.0,gas,86000,rebuilt,automatic,excellent,,,brown,,,5GAKRBKD0HJ216562
68,FORD EDGE SPORT,19950,2017.0,5.0,0.0,gas,33000,salvage,automatic,like new,6 cylinders,4wd,silver,mid-size,SUV,
69,NISSAN ALTIMA 2.5 SV,16500,2017.0,5.0,1.0,gas,118000,clean,automatic,excellent,4 cylinders,fwd,silver,mid-size,sedan,
70,DODGE RAM 1500,21500,2017.0,5.0,0.0,gas,54000,salvage,automatic,excellent,8 cylinders,rwd,white,full-size,truck,
71,FORD F350 DUALLY,9500,2006.0,16.0,0.0,diesel,222832,clean,automatic,good,8 cylinders,4wd,white,full-size,truck,1FDWW37P36EB14210
72,KIA FORTE EX,8800,2016.0,6.0,0.0,gas,77220,salvage,automatic,,,fwd,grey,,sedan,
73,TOYOTA AVALON LIMITED,7850,2009.0,13.0,1.0,gas,154000,clean,automatic,,,,,,,
74,NISSAN TITAN,20000,2013.0,9.0,1.0,gas,166000,clean,automatic,excellent,8 cylinders,4wd,white,full-size,truck,
75,CHEVROLET CORVETTE,12900,1977.0,45.0,0.0,gas,95400,clean,automatic,excellent,8 cylinders,rwd,black,,coupe,
76,HONDA CIVIC,2100,2001.0,21.0,1.0,gas,250000,clean,automatic,,4 cylinders,fwd,,,coupe,
77,FORD,3500,1991.0,31.0,0.0,gas,114433,clean,manual,fair,5 cylinders,,black,,hatchback,
78,ISUZU VEHICROSS,11500,2000.0,22.0,1.0,gas,170000,clean,automatic,excellent,6 cylinders,4wd,,,,
79,KIA NEW SPECTRA,2300,2005.0,17.0,0.0,gas,183000,salvage,automatic,salvage,4 cylinders,fwd,white,compact,sedan,KNAFE121455124335
80,DODGE GRAND CARAVAN,14500,2014.0,8.0,0.0,gas,52000,clean,automatic,like new,6 cylinders,fwd,white,full-size,van,
81,GMC ACADIA SLT2,23500,2015.0,7.0,0.0,gas,76500,clean,automatic,excellent,,,black,mid-size,SUV,
82,FORD F800,21000,1995.0,27.0,0.0,diesel,52404,clean,automatic,good,,,white,,,
83,VOLKSWAGEN JETTA,4000,2001.0,21.0,0.0,gas,147000,clean,automatic,fair,4 cylinders,fwd,green,compact,sedan,
84,TOYOTA SIENNA XLE,5400,2004.0,18.0,1.0,gas,220000,clean,automatic,good,6 cylinders,fwd,silver,full-size,mini-van,5TDZA22CX4S104442
85,CHYSLER 300C,6000,2006.0,16.0,0.0,gas,144000,clean,automatic,,8 cylinders,rwd,blue,full-size,sedan,
86,CADILLAC SRX,6500,2010.0,12.0,0.0,gas,165000,clean,automatic,excellent,6 cylinders,rwd,blue,full-size,SUV,
87,CHEVROLET HHR LT,5350,2010.0,12.0,0.0,gas,176378,clean,automatic,good,4 cylinders,fwd,grey,mid-size,coupe,
88,HYUNDAI SONATA,9750,2016.0,6.0,0.0,gas,49600,salvage,automatic,excellent,4 cylinders,4wd,silver,full-size,sedan,
89,KIA OPTIMA,8750,2016.0,6.0,0.0,gas,89000,salvage,automatic,excellent,4 cylinders,fwd,black,full-size,sedan,
90,HONDA ACCORD,27500,2018.0,4.0,1.0,gas,44800,clean,automatic,excellent,4 cylinders,fwd,black,,,
91,JEEP LIBERTY 4WD 4DR LIMITED,4950,2004.0,18.0,0.0,gas,83000,clean,automatic,good,,4wd,blue,,,
92,GMC YUKON DENALI,5499,2007.0,15.0,0.0,gas,224000,clean,automatic,fair,8 cylinders,4wd,white,full-size,SUV,1GKFK63877J200472
93,HONDA FIT,6600,2013.0,9.0,1.0,gas,90573,salvage,automatic,good,4 cylinders,,,,,
94,MITSUBISHI ECLIPSE GS,2600,2007.0,15.0,1.0,gas,208700,clean,automatic,good,4 cylinders,fwd,green,compact,coupe,
95,CHEVY,1,1998.0,24.0,0.0,gas,6200,clean,automatic,,,,,,,
96,LEXUS IS 350,8000,2006.0,16.0,1.0,gas,175000,clean,automatic,good,6 cylinders,rwd,white,,sedan,
97,HYUNDAI SONATA,7500,2015.0,7.0,0.0,gas,123500,salvage,automatic,good,4 cylinders,fwd,black,full-size,sedan,
98,JEEP GRAND CHEROKEE,13750,2015.0,7.0,0.0,gas,89500,salvage,automatic,good,6 cylinders,rwd,grey,full-size,SUV,
99,TOYOTA TACOMA,26700,2015.0,7.0,1.0,gas,99800,clean,automatic,excellent,,,,,,
100,TOYOTA 4RUNNER 4X4,3000,2005.0,17.0,1.0,gas,250000,clean,automatic,salvage,6 cylinders,4wd,,,offroad,
101,TOYOTA COROLLA,18950,2014.0,8.0,1.0,gas,48400,clean,automatic,,4 cylinders,fwd,white,,sedan,
102,FORD F-150,4500,2000.0,22.0,0.0,gas,200000,clean,automatic,,,,,,,
103,NISSAN MAXIMA SV PREMIUM,7000,2010.0,12.0,1.0,gas,169826,clean,automatic,good,6 cylinders,,,,sedan,
104,FORD F150,3800,1997.0,25.0,0.0,gas,147000,clean,automatic,,,,,,,
105,TOYOTA TUNDRA,10700,2008.0,14.0,1.0,gas,234000,salvage,automatic,,,,,,,
106,BUICK LESABRE,4100,2003.0,19.0,0.0,gas,180000,clean,automatic,excellent,6 cylinders,fwd,brown,full-size,sedan,
107,MERCURY GRAND MARQUIS,2000,2004.0,18.0,0.0,gas,173000,clean,automatic,good,,,yellow,full-size,sedan,
108,NISSAN FRONTIER,7500,2013.0,9.0,1.0,gas,3,clean,automatic,good,,,,,,
109,CHEVY SILVERADO 1500 LTZ 4X4,23900,2014.0,8.0,0.0,gas,95000,rebuilt,automatic,,,4wd,,,,1GCVKSEC6EZ196494
110,SUBARU OUTBACK 2.5I PREMIUM,15900,2018.0,4.0,1.0,gas,81000,rebuilt,automatic,,4 cylinders,4wd,,,,
111,BUICK REGAL,1500,1995.0,27.0,0.0,gas,185000,clean,automatic,,6 cylinders,rwd,custom,full-size,sedan,
112,DODGE 330 4 DR.,8500,1963.0,59.0,0.0,gas,85000,clean,automatic,good,6 cylinders,rwd,blue,full-size,sedan,
113,BMW,17000,2014.0,8.0,0.0,gas,33000,salvage,automatic,good,,,,,,
114,TOYOTA CAMRY,2000,2001.0,21.0,1.0,gas,265000,salvage,automatic,fair,4 cylinders,fwd,white,mid-size,sedan,
115,ACURA TL,1500,2002.0,20.0,1.0,gas,250000,clean,automatic,fair,6 cylinders,rwd,white,,,
116,CHEVY SILVERADO,12500,2005.0,17.0,0.0,gas,194000,clean,automatic,,,,,,,
117,VOLKSWAGEN GTI,5900,2009.0,13.0,0.0,gas,130200,clean,manual,good,4 cylinders,fwd,white,compact,hatchback,
118,HYUNDAI VELOSTER,8300,2013.0,9.0,0.0,gas,151579,clean,manual,excellent,4 cylinders,fwd,red,sub-compact,coupe,
119,CHEVROLET CRUZE LS,7999,2014.0,8.0,0.0,gas,58240,rebuilt,automatic,good,4 cylinders,fwd,black,,sedan,
120,BMW X5,31500,2015.0,7.0,0.0,gas,47850,clean,automatic,like new,6 cylinders,4wd,white,full-size,SUV,
121,BMW M3 SEDAN,7000,1997.0,25.0,0.0,gas,256424,salvage,manual,salvage,6 cylinders,rwd,black,,sedan,WBSCD9328VEE05421
122,TOYOTA 4RUNNER,6600,2005.0,17.0,1.0,gas,247000,clean,automatic,,,,,,,
123,DODGE CALIBER,3200,2007.0,15.0,0.0,gas,198000,salvage,automatic,good,,fwd,silver,mid-size,hatchback,
124,DODGE GRAND CARAVAN,5300,2010.0,12.0,0.0,gas,178000,clean,automatic,,,,,,,
125,HONDA ODYSSEY,7700,2010.0,12.0,1.0,gas,163000,clean,automatic,,,,,,,
126,TOYOTA CAMRY HYBRID,7100,2010.0,12.0,1.0,gas,146000,clean,automatic,,,,,,,
127,DODGE NITRO,7400,2011.0,11.0,0.0,gas,173000,clean,automatic,,,,,,,
128,FORD EXPLORER,8700,2011.0,11.0,0.0,gas,176000,clean,automatic,,,,,,,
129,GMC TERRAIN SLT,8900,2011.0,11.0,0.0,gas,136000,clean,automatic,excellent,4 cylinders,fwd,silver,,,
130,HYUNDAI ELANTRA,6500,2011.0,11.0,0.0,gas,143000,clean,automatic,,,,,,,
131,CHRYSLER 300,12200,2012.0,10.0,0.0,gas,115000,clean,automatic,,,,,,,
132,CHRYSLER 300,12000,2012.0,10.0,0.0,gas,115000,clean,automatic,,,,,,,
133,GMC ACADIA,10500,2012.0,10.0,0.0,gas,116000,clean,automatic,,,,,,,
134,GMC ACADIA,10400,2012.0,10.0,0.0,gas,116000,clean,automatic,,,,,,,
135,CHRYSLER 300 S,7900,2013.0,9.0,0.0,gas,204000,clean,automatic,,6 cylinders,,white,,,
136,CHRYSLER 300,7500,2013.0,9.0,0.0,gas,186000,clean,automatic,,,,,,,
137,KIA SORENTO LX,8200,2013.0,9.0,0.0,gas,129000,clean,automatic,excellent,4 cylinders,fwd,blue,,,
138,NISSAN ALTIMA,5700,2013.0,9.0,1.0,gas,200000,clean,automatic,,,,,,,
139,HYUNDAI SONATA SE,9900,2014.0,8.0,0.0,gas,131000,clean,automatic,excellent,4 cylinders,fwd,silver,,,
140,TOYOTA TUNDRA,39500,2014.0,8.0,1.0,gas,66000,clean,automatic,,,,,,,
141,NISSAN ALTIMA,7700,2015.0,7.0,1.0,gas,184000,clean,automatic,,,,,,,
142,CHEVROLET CRUZE,10100,2016.0,6.0,0.0,gas,70000,clean,automatic,,,,,,,
143,RAM MARLIN,7000,1965.0,57.0,0.0,gas,86974,clean,automatic,good,8 cylinders,fwd,red,full-size,coupe,
144,MERCURY GRAND MARQUIS,1000,2006.0,16.0,0.0,gas,,clean,automatic,fair,8 cylinders,fwd,brown,full-size,other,
145,TOYOTA TACOMA,15000,2009.0,13.0,1.0,gas,296000,clean,automatic,excellent,6 cylinders,4wd,grey,,truck,
146,TOYOTA PRIUS,9500,2011.0,11.0,1.0,hybrid,124733,clean,automatic,like new,4 cylinders,,,,hatchback,
147,DODGE CHARGER SE,7500,2014.0,8.0,0.0,gas,151110,salvage,manual,excellent,,,white,,other,
148,MERCEDES BENZ C300,18500,2014.0,8.0,0.0,gas,74000,clean,automatic,excellent,6 cylinders,rwd,red,mid-size,sedan,
149,NISSAN ALTIMA,13900,2016.0,6.0,1.0,gas,86000,clean,automatic,good,4 cylinders,fwd,grey,,,
150,FORD F-150,36500,2017.0,5.0,0.0,gas,39300,clean,automatic,like new,,4wd,,,,
151,DODGE RAM 1500,41900,2017.0,5.0,0.0,gas,62997,clean,automatic,excellent,8 cylinders,4wd,black,full-size,pickup,
152,CHEVROLET,1500,1994.0,28.0,0.0,gas,123455,clean,other,,,,,,,
153,FORD BRONCO 2,5000,1983.0,39.0,0.0,gas,,clean,automatic,good,6 cylinders,4wd,,,,
154,FORD EXPLORER,2800,2002.0,20.0,0.0,gas,199000,clean,automatic,good,6 cylinders,,,,,
155,NISSAN VERSA,4800,2012.0,10.0,1.0,gas,224000,clean,automatic,like new,,fwd,blue,compact,hatchback,
156,SUBARU LEGACY 2.5 GT LIMITED,4750,2005.0,17.0,1.0,gas,149500,clean,manual,good,4 cylinders,4wd,silver,mid-size,sedan,
157,CHEVROLETS10,3700,2002.0,20.0,0.0,gas,16000,clean,automatic,,,,,,,
158,CHEVROLET TRAILBLAZER,2900,2004.0,18.0,0.0,gas,196000,clean,automatic,,,,,,,
159,HONDA ACCORD,3000,2007.0,15.0,1.0,gas,260000,clean,automatic,,4 cylinders,rwd,red,mid-size,sedan,
160,DODGE CHALLENGER R/T PLUS,33310,2016.0,6.0,0.0,gas,51450,clean,manual,like new,8 cylinders,rwd,white,mid-size,coupe,2C3CDZBT0GH193399
161,BMW 328I,2800,2008.0,14.0,0.0,gas,20200,clean,automatic,good,,fwd,white,compact,sedan,
162,BMW 650I CONVERTIBLE,10500,2007.0,15.0,0.0,gas,105552,clean,automatic,excellent,8 cylinders,,blue,mid-size,convertible,WBAEK13557CN81305
163,FORD BRONCO EDDIE BAUER,5500,1986.0,36.0,0.0,gas,62591,clean,automatic,,,4wd,red,full-size,SUV,1FMDU15N3GLA51450
164,SATURN VUE,2500,2005.0,17.0,0.0,gas,213000,clean,automatic,,,,silver,,,
165,CHEVROLET CORVETTE STINGRAY,9500,1980.0,42.0,0.0,gas,77000,clean,automatic,,,,,,,
166,CHEVROLET SILVERADO 1500,3500,1989.0,33.0,0.0,gas,248000,clean,manual,,,,,,,
167,SUBARU OUTBACK,3000,2001.0,21.0,1.0,gas,234000,clean,automatic,,4 cylinders,4wd,blue,,,
168,GMC CANYON,12950,2012.0,10.0,0.0,gas,98800,clean,automatic,good,5 cylinders,4wd,white,mid-size,pickup,
169,FORD F150,3500,1994.0,28.0,0.0,gas,212000,clean,automatic,good,8 cylinders,rwd,,full-size,truck,
170,MGB CONVERTIBLE,5000,1980.0,42.0,0.0,gas,,clean,manual,good,4 cylinders,rwd,yellow,mid-size,convertible,
171,FREIGHTLINER,9800,1995.0,27.0,0.0,diesel,667446,clean,manual,good,8 cylinders,rwd,,,,
172,HONDA ACCORD,10000,2012.0,10.0,1.0,gas,144000,rebuilt,automatic,excellent,6 cylinders,fwd,black,,,
173,CHEVY MALIBU LTZ,5000,2014.0,8.0,0.0,hybrid,190000,clean,automatic,fair,4 cylinders,fwd,black,compact,sedan,
174,CHEVY S10 EXTENDED CAB,5900,2001.0,21.0,0.0,gas,190000,clean,automatic,excellent,,,black,,,
175,INFINITI I30T,2500,2001.0,21.0,1.0,gas,160000,clean,automatic,,6 cylinders,,,,sedan,
176,GMC,8995,2003.0,19.0,0.0,gas,145000,clean,automatic,excellent,6 cylinders,rwd,,,van,
177,INFINITI G35,2000,2003.0,19.0,1.0,gas,17000,clean,automatic,good,4 cylinders,rwd,silver,full-size,sedan,
178,MERCEDES SL500,7500,2003.0,19.0,0.0,gas,120068,clean,automatic,,8 cylinders,rwd,black,,convertible,WDBSK75F03F033217
179,FORD F-250,7900,2007.0,15.0,0.0,gas,205000,clean,automatic,,8 cylinders,4wd,,,,
180,DODGE DURANGO SXT,16000,2013.0,9.0,0.0,gas,107000,clean,automatic,excellent,6 cylinders,4wd,white,,SUV,
181,PETERBILT 387,26500,2003.0,19.0,0.0,diesel,300000,clean,manual,excellent,,,black,,truck,
182,CHEVY LONG BED,4500,1970.0,52.0,0.0,gas,9999999,clean,automatic,fair,,,,,truck,
183,INTERNATIONAL,7500,1972.0,50.0,0.0,gas,79000,clean,automatic,good,8 cylinders,rwd,,,pickup,
184,FORD BRONCO,39000,1975.0,47.0,0.0,gas,157000,clean,automatic,good,8 cylinders,4wd,green,,SUV,
185,CHEVROLET G20 VAN,1800,1993.0,29.0,0.0,gas,148070,clean,automatic,good,8 cylinders,rwd,blue,,,
186,CHEVROLET SILVERADO 1500,10000,1995.0,27.0,0.0,gas,231880,clean,automatic,good,6 cylinders,4wd,black,,pickup,
187,TOYOTA CAMRY LE,1500,1996.0,26.0,1.0,gas,230000,clean,automatic,,,,,,,
188,CHEVY EXPRESS G3500 VAN,6500,1998.0,24.0,0.0,gas,128500,clean,automatic,good,8 cylinders,rwd,white,full-size,van,
189,TOYOTA SIENNA XLE,2500,2001.0,21.0,1.0,gas,204000,clean,automatic,,,,,,,
190,MAZDA PROTEGE LX,2600,2002.0,20.0,1.0,gas,185610,clean,automatic,good,,,,,,
191,CHEVROLET TAHOE Z71,7800,2003.0,19.0,0.0,gas,285000,clean,automatic,excellent,8 cylinders,4wd,white,full-size,SUV,
192,CHEVROLET AVALANCHE,2495,2003.0,19.0,0.0,gas,190000,clean,automatic,good,6 cylinders,fwd,black,full-size,SUV,3GNEC13T83G224732
193,HYUNDAI SANTA FE,750,2003.0,19.0,0.0,gas,197000,clean,automatic,good,,,,,,
194,TOYOTA MATRIX XR,6800,2003.0,19.0,1.0,gas,86444,clean,automatic,,,,,,,
195,FORD F150 XLT 4X4,4000,2004.0,18.0,0.0,gas,225000,clean,automatic,good,,,custom,full-size,truck,
196,FORD FOCUS,2400,2004.0,18.0,0.0,gas,202703,clean,automatic,,,,,,,
197,HONDA ACCORD,3200,2004.0,18.0,1.0,gas,205492,clean,automatic,good,,,,,,
198,GRAND CHEROKEE LAREDO,3650,2004.0,18.0,0.0,gas,213800,clean,automatic,good,6 cylinders,rwd,blue,full-size,SUV,
199,SUBARU OUTBACK,3750,2004.0,18.0,1.0,gas,187421,clean,automatic,good,6 cylinders,4wd,green,,,
200,BMW M3,19850,2005.0,17.0,0.0,gas,151678,clean,manual,good,6 cylinders,rwd,black,,coupe,WBSBL93465PN60485
201,DODGE RAM 2500,14350,2005.0,17.0,0.0,gas,109000,clean,automatic,good,8 cylinders,rwd,white,full-size,truck,3D6WR28D55G805895
202,FORD TAURUS,3800,2005.0,17.0,0.0,gas,89500,clean,automatic,good,6 cylinders,fwd,white,full-size,sedan,
203,CHEVROLET SILVERADO 1500,10000,2006.0,16.0,0.0,gas,219000,clean,automatic,,,,,,,
204,CHEVROLET SUBURBAN 1500,3500,2007.0,15.0,0.0,gas,210150,clean,automatic,excellent,8 cylinders,4wd,white,sub-compact,SUV,
205,DODGE RAM 2500 4X4,21500,2007.0,15.0,0.0,diesel,181000,clean,automatic,,6 cylinders,4wd,silver,full-size,pickup,
206,FORD F-150,12000,2007.0,15.0,0.0,gas,212000,clean,automatic,good,8 cylinders,4wd,grey,full-size,truck,
207,KIA SORENTO EX,4000,2007.0,15.0,0.0,gas,160000,clean,automatic,good,6 cylinders,rwd,silver,mid-size,SUV,
208,SS,15000,2007.0,15.0,0.0,gas,220000,clean,automatic,excellent,8 cylinders,fwd,red,,coupe,
209,CHEVROLET TAHOE,9500,2008.0,14.0,0.0,gas,250000,clean,automatic,good,8 cylinders,rwd,black,full-size,SUV,
210,CHRYSLER TOWN & COUNTRY,2650,2008.0,14.0,0.0,gas,155000,clean,automatic,good,6 cylinders,fwd,,,,
211,NISSAN VERSA,2000,2008.0,14.0,1.0,gas,221000,clean,automatic,,,,,,,
212,MINI COOPER S,9900,2010.0,12.0,0.0,gas,114000,clean,manual,excellent,4 cylinders,fwd,green,compact,hatchback,
213,NISSAN MAXIMA,5200,2010.0,12.0,1.0,gas,281058,clean,automatic,good,,,silver,,,
214,NISSAN MAXIMA,5000,2010.0,12.0,1.0,gas,281058,clean,automatic,good,,,silver,,,
215,VW CC 2.0T,7990,2010.0,12.0,0.0,gas,146500,clean,automatic,excellent,4 cylinders,fwd,black,,coupe,WVWMN7AN3AE555342
216,NISSAN ROUGE S AWD,3999,2011.0,11.0,1.0,gas,120000,clean,automatic,excellent,4 cylinders,,,,,
217,NISSAN ROUGE SL AWD,3999,2011.0,11.0,1.0,gas,120000,clean,automatic,excellent,4 cylinders,,,,,
218,CHEVROLET SUBURBAN LT 4X4,14000,2012.0,10.0,0.0,gas,143000,salvage,automatic,good,8 cylinders,4wd,black,full-size,SUV,
219,TOYOTA TACOMA,15000,2012.0,10.0,1.0,gas,136000,clean,automatic,good,4 cylinders,,white,,truck,
220,BUICK VERANO,4400,2013.0,9.0,0.0,gas,143222,salvage,automatic,,,,silver,,,
221,JEEP PATRIOT 4X4,6900,2013.0,9.0,0.0,gas,127400,clean,automatic,like new,4 cylinders,4wd,blue,full-size,SUV,
222,RAM 1500,17500,2013.0,9.0,0.0,gas,95000,clean,automatic,excellent,8 cylinders,fwd,white,,truck,3C6JR6AT6DG504633
223,VOLKSWAGEN PASSAT,10995,2013.0,9.0,0.0,gas,109695,clean,automatic,excellent,5 cylinders,,white,compact,,
224,NISSAN TITAN,17900,2014.0,8.0,1.0,gas,93500,salvage,automatic,excellent,8 cylinders,4wd,white,full-size,truck,
225,TOYOTA TACOMA,27500,2014.0,8.0,1.0,gas,62375,clean,automatic,excellent,6 cylinders,rwd,grey,full-size,truck,
226,HONDA CIVIC,11500,2015.0,7.0,1.0,gas,34000,salvage,automatic,,,,,,,
227,FORD F-150,37000,2016.0,6.0,0.0,gas,108000,clean,automatic,excellent,6 cylinders,4wd,black,full-size,,
228,GMC YUKON DENALI AWD,45900,2016.0,6.0,0.0,gas,73462,clean,automatic,excellent,8 cylinders,4wd,white,full-size,SUV,
229,KIA SORENTO,18495,2016.0,6.0,0.0,gas,101919,clean,automatic,excellent,6 cylinders,fwd,white,full-size,SUV,5XYPK4A59GG151692
230,TOYOTA TUNDRA LIMITED 4X4 GAS,35900,2017.0,5.0,1.0,gas,132000,clean,automatic,like new,8 cylinders,4wd,black,full-size,truck,
231,FORD FUSION HYBRID,16900,2018.0,4.0,0.0,hybrid,83402,clean,automatic,excellent,4 cylinders,fwd,white,mid-size,sedan,3FA6POLU8JR172742
232,GMC SIERRA 1500 SLT,45000,2018.0,4.0,0.0,gas,97000,clean,automatic,like new,,,white,,,
233,BMW M235I,46000,2020.0,2.0,0.0,gas,7000,clean,automatic,like new,4 cylinders,4wd,white,compact,coupe,
234,FORD F-150 TWO OF THEM,1600,1996.0,26.0,0.0,gas,150000,clean,manual,fair,8 cylinders,rwd,blue,full-size,pickup,
235,BMW,6000,2009.0,13.0,0.0,gas,155500,clean,automatic,good,6 cylinders,4wd,silver,mid-size,SUV,
236,CADILLAC STS,3500,2008.0,14.0,0.0,gas,170000,clean,automatic,fair,6 cylinders,rwd,black,full-size,sedan,
237,MERCEDES BENZ,2500,2004.0,18.0,0.0,gas,130000,clean,automatic,good,,fwd,white,full-size,sedan,
238,CHEVY EXPRES,4500,1997.0,25.0,0.0,gas,4500,clean,automatic,good,8 cylinders,rwd,blue,full-size,van,
239,FORD E-350,8500,1996.0,26.0,0.0,gas,34000,clean,automatic,good,8 cylinders,,white,,truck,
240,FORD F100 PICKUP,8000,1965.0,57.0,0.0,gas,000000000,clean,manual,good,8 cylinders,rwd,green,,,
241,ACADIA DENALI GMC,34000,2017.0,5.0,0.0,gas,39722,clean,automatic,like new,,,black,,,
242,HONDA ODYSSEY,3450,2008.0,14.0,1.0,gas,290000,clean,automatic,excellent,6 cylinders,fwd,,,,
243,HYUNDAI SANTA FE,9900,2013.0,9.0,0.0,gas,85000,salvage,automatic,excellent,4 cylinders,,silver,mid-size,SUV,
244,KIA SORENTO LX,9000,2012.0,10.0,0.0,gas,111848,clean,automatic,excellent,6 cylinders,fwd,grey,,SUV,5XYKT4A67CG233026
245,TOYOTA 4RUNNER,4000,2000.0,22.0,1.0,gas,231000,clean,automatic,good,6 cylinders,rwd,,,,
246,TOYOTA CAMRY,6300,2010.0,12.0,1.0,gas,204000,clean,automatic,good,4 cylinders,,white,,sedan,
247,TOYOTA (ALL),1,2022.0,0.0,1.0,gas,50000,clean,automatic,excellent,other,,,,,
248,FORD E350,6000,2003.0,19.0,0.0,gas,,clean,automatic,good,8 cylinders,rwd,white,full-size,bus,
249,TOYOTA TACOMA PRERUNNER,5950,1999.0,23.0,1.0,gas,260123,clean,automatic,good,6 cylinders,rwd,red,mid-size,truck,
250,DODGE RAM MEGA CAB,10900,2006.0,16.0,0.0,gas,203446,clean,automatic,good,8 cylinders,4wd,silver,full-size,pickup,
251,CHEVY 3500,11500,2007.0,15.0,0.0,diesel,200000,clean,automatic,fair,,,,,truck,
252,FORD EXPLORER XLT,4300,2007.0,15.0,0.0,gas,180000,clean,automatic,good,6 cylinders,,,,,
253,GMC ENVOY DENALI,5800,2007.0,15.0,0.0,gas,134772,clean,automatic,good,8 cylinders,4wd,black,full-size,SUV,
254,DODGE CHARGER,7000,2013.0,9.0,0.0,gas,159792,salvage,automatic,good,,,white,full-size,sedan,
255,CHEVY TAHOE,25000,2015.0,7.0,0.0,gas,121408,salvage,automatic,like new,,,brown,full-size,SUV,
256,NISSAN NV3500,22800,2016.0,6.0,1.0,gas,188135,clean,automatic,excellent,8 cylinders,rwd,white,,van,
257,AUDI Q7,17500,2013.0,9.0,0.0,gas,132569,clean,automatic,like new,6 cylinders,fwd,white,mid-size,SUV,WA1LGAFEXDD006026
258,TOYOTA CAMRY,9500,2011.0,11.0,1.0,gas,113000,clean,automatic,good,,,silver,,sedan,
259,CAMPER,9600,2005.0,17.0,0.0,gas,67000,clean,automatic,,,,,,,
260,GMC SIERRA,9850,2010.0,12.0,0.0,gas,146000,salvage,automatic,,8 cylinders,4wd,,,,
261,CHEVY SILVERADO,8500,2005.0,17.0,0.0,gas,138500,clean,automatic,,,,,,,
262,MERCEDES BENZ SL500,22500,2005.0,17.0,0.0,gas,40000,clean,automatic,,,,,,,
263,HONDA ACCORD ,4500,2008.0,14.0,1.0,gas,203500,clean,automatic,good,4 cylinders,fwd,white,mid-size,sedan,
264,HONDA ACCORD,3800,2008.0,14.0,1.0,gas,203500,clean,automatic,good,4 cylinders,fwd,white,mid-size,sedan,
265,DODGE SUPER BEE,65000,1969.0,53.0,0.0,gas,86000,clean,automatic,,,,,,,
266,DODGE DAKOTA,2000,1994.0,28.0,0.0,gas,195769,clean,automatic,good,6 cylinders,rwd,,,truck,
267,FORD F350 SUPER DUTY,8150,1999.0,23.0,0.0,diesel,220000,clean,automatic,fair,,,,,,
268,GMC SIERRA 1500 SIERRA,15995,1999.0,23.0,0.0,gas,347960,clean,automatic,like new,8 cylinders,4wd,black,,truck,
269,TOYOTA MR2,8000,2000.0,22.0,1.0,gas,65000,clean,manual,,,,,,,
270,CHEVY S10,1200,2001.0,21.0,0.0,gas,150000,clean,automatic,good,4 cylinders,rwd,white,,pickup,
271,BMW M5,20000,2001.0,21.0,0.0,gas,104000,clean,manual,,,,,,,
272,BONNEVILLE SSEI,2250,2001.0,21.0,0.0,gas,221450,clean,automatic,fair,6 cylinders,rwd,black,full-size,sedan,
273,CHEVROLET CORVETTE,26000,2002.0,20.0,0.0,gas,41674,clean,manual,excellent,8 cylinders,,black,,coupe,1G1YY12S125128052
274,TOYOTA CAMRY,2700,2004.0,18.0,1.0,gas,304000,clean,automatic,good,4 cylinders,fwd,silver,mid-size,sedan,
275,SUBARU FORESTER,4000,2005.0,17.0,1.0,gas,232000,clean,automatic,good,4 cylinders,,silver,,SUV,JF1SG65635H722260
276,CHEVROLET SUBURBAN LT,16500,2006.0,16.0,0.0,gas,111600,clean,automatic,good,8 cylinders,rwd,red,full-size,SUV,
277,MAZDA TRIBUTE,3500,2006.0,16.0,1.0,gas,140000,clean,automatic,excellent,6 cylinders,fwd,grey,mid-size,SUV,
278,ASTON MARTIN V8 VANTAGE,35000,2007.0,15.0,0.0,gas,31000,clean,manual,,,,,,,
279,HONDA ACCORD,4400,2007.0,15.0,1.0,gas,203299,rebuilt,automatic,good,4 cylinders,fwd,blue,mid-size,sedan,1HGCM56427A177437
280,DODGE CHARGER,5000,2008.0,14.0,0.0,gas,120321,salvage,automatic,good,6 cylinders,rwd,silver,full-size,sedan,
281,NISSAN XTERRA,2900,2008.0,14.0,1.0,gas,256000,clean,automatic,,,,,,,
282,TOYOTA COROLLA,4800,2008.0,14.0,1.0,gas,229000,clean,automatic,good,4 cylinders,fwd,white,mid-size,sedan,
283,KIA SOUL,7800,2015.0,7.0,0.0,gas,,salvage,automatic,good,,fwd,silver,mid-size,hatchback,
284,DODGE RAM 2500,42000,2016.0,6.0,0.0,diesel,82000,clean,automatic,good,,4wd,white,,,
285,DODGE RAM 2500,40000,2016.0,6.0,0.0,diesel,82000,clean,automatic,good,,4wd,white,,,
286,FORD F150,34500,2016.0,6.0,0.0,gas,147000,clean,automatic,like new,6 cylinders,4wd,red,,,
287,MASERATI QUATTROPORTE,32000,2016.0,6.0,0.0,gas,38000,rebuilt,automatic,good,6 cylinders,rwd,custom,full-size,sedan,ZAM56RPA4G1166190
288,SUBARU OUTBACK,22900,2017.0,5.0,1.0,gas,58381,clean,automatic,like new,4 cylinders,4wd,white,mid-size,SUV,4S4BSAFC8H3280783
289,TOYOTA TUNDRA,38799,2019.0,3.0,1.0,gas,37244,clean,automatic,excellent,8 cylinders,rwd,custom,full-size,pickup,
290,RAM 2500 CREW CAB DIESEL,74000,2020.0,2.0,0.0,diesel,30000,clean,automatic,like new,6 cylinders,4wd,silver,,truck,
291,CHEVY,9500,1986.0,36.0,0.0,gas,,clean,automatic,good,8 cylinders,rwd,grey,,truck,
292,CHRYSLER TOWN AND COUNTRY,3496,2005.0,17.0,0.0,gas,164700,salvage,automatic,fair,6 cylinders,fwd,grey,mid-size,mini-van,
293,CHEVROLET SUBURBAN,4500,1999.0,23.0,0.0,gas,203000,clean,automatic,good,8 cylinders,rwd,silver,full-size,SUV,3GNEC16R6XG221446
294,DODGE CHARGER,4500,2007.0,15.0,0.0,gas,163502,clean,automatic,good,6 cylinders,rwd,black,full-size,sedan,2B3KA43RX7H673344
295,DODGE RAM 2500,72500,2020.0,2.0,0.0,diesel,34700,clean,automatic,like new,6 cylinders,4wd,grey,full-size,truck,
296,GEO TRACKER,4500,1996.0,26.0,0.0,gas,183000,clean,manual,good,4 cylinders,rwd,green,compact,,
297,DODGE GRAND CARAVAN,4200,2009.0,13.0,0.0,gas,149000,clean,automatic,excellent,,,,,mini-van,
298,DODGE GRAND CARAVAN,3300,2009.0,13.0,0.0,gas,180000,clean,automatic,excellent,,,,,mini-van,
299,DODGE JOURNEY SXT,5500,2013.0,9.0,0.0,gas,172000,clean,automatic,excellent,,,,,SUV,
300,TOYOTA 4RUNNER SR5,6250,2000.0,22.0,1.0,gas,165000,clean,automatic,good,,rwd,,,SUV,
301,FORD ECONOLINE CARGO VAN,4900,2006.0,16.0,0.0,gas,382000,clean,automatic,good,8 cylinders,rwd,white,full-size,van,
302,FORD  F-250,12000,2008.0,14.0,0.0,gas,78000,clean,automatic,,,,,,,
303,LINCOLN CONTINENTAL TOWN CAR,3500,1978.0,44.0,0.0,gas,53000,clean,automatic,good,8 cylinders,rwd,yellow,full-size,sedan,
304,HONDA PRELUDE SI,2500,1990.0,32.0,1.0,gas,173000,clean,manual,fair,4 cylinders,fwd,red,compact,coupe,
305,FORD RANGER,2500,1997.0,25.0,0.0,gas,,clean,automatic,good,4 cylinders,fwd,blue,mid-size,pickup,
306,PONTIAC G5,2900,2009.0,13.0,0.0,gas,127000,clean,automatic,excellent,4 cylinders,fwd,black,compact,coupe,
307,FORD EXPLORER,2500,2002.0,20.0,0.0,gas,153000,clean,automatic,,,,,,,
308,FORD F-800,15000,1998.0,24.0,0.0,diesel,160000,clean,manual,,6 cylinders,rwd,,,,
309,TOYOTA TACOMA 4X4,12500,1998.0,24.0,1.0,gas,196000,clean,manual,good,4 cylinders,4wd,green,mid-size,truck,
310,JEEP CHEROKEE,11000,1999.0,23.0,0.0,gas,101000,rebuilt,manual,,6 cylinders,4wd,green,mid-size,SUV,
311,HONDA ACCORD EX,3995,2002.0,20.0,1.0,gas,169433,rebuilt,automatic,good,6 cylinders,fwd,red,mid-size,sedan,
312,LEXUS SC 430 CONVERTIBLE,13000,2002.0,20.0,1.0,gas,137400,clean,automatic,excellent,8 cylinders,,black,compact,convertible,JTHFN48Y120003875
313,CHEVROLET SILVERADO 1500,13500,2007.0,15.0,0.0,gas,249647,clean,automatic,good,8 cylinders,4wd,black,,truck,
314,VOLVO XC70 AWD,5700,2010.0,12.0,0.0,gas,129700,salvage,automatic,,,,,,,
315,FORD F150 4X4,13500,2011.0,11.0,0.0,gas,183500,clean,automatic,good,8 cylinders,4wd,black,full-size,truck,
316,VANGUARD,55000,2013.0,9.0,0.0,other,1,rebuilt,other,,,,,,,
317,BMW M3 SEDAN,39800,2015.0,7.0,0.0,gas,39000,salvage,automatic,,6 cylinders,rwd,silver,,,
318,CHEVROLET SUBURBAN LT,32000,2016.0,6.0,0.0,gas,62000,salvage,automatic,,,,,,,
319,TOYOTA SIENNA XLE,16400,2016.0,6.0,1.0,gas,53000,salvage,automatic,,,,,,,
320,TOYOTA PRIUS HYBRID V,17800,2017.0,5.0,1.0,hybrid,52000,salvage,automatic,like new,,,,,wagon,
321,FORD F350 SUPERCREW 4D,55000,2019.0,3.0,0.0,diesel,27452,salvage,automatic,like new,8 cylinders,4wd,white,,truck,1FT8W3BT3KEC88287
322,NISSAN TITAN,45500,2020.0,2.0,1.0,gas,1500,rebuilt,automatic,like new,8 cylinders,4wd,grey,full-size,truck,
323,BUICK LUCERNE,1700,2008.0,14.0,0.0,gas,46205,salvage,automatic,,,,,,,
324,TOYOTA TACOMA,20750,2015.0,7.0,1.0,gas,120000,salvage,automatic,excellent,6 cylinders,4wd,,,,
325,TOYOTA TUNDRA,9500,2003.0,19.0,1.0,gas,235000,clean,automatic,good,8 cylinders,4wd,brown,full-size,pickup,5TBBT44163S358076
326,CHEVROLET,55000,1948.0,74.0,0.0,gas,22000,clean,manual,like new,6 cylinders,,green,,pickup,
327,FORD THUNDERBIRD CONVERTIBLE,12950,2005.0,17.0,0.0,gas,103127,clean,automatic,excellent,8 cylinders,rwd,silver,full-size,convertible,
328,FORD EXPEDITION,5200,2006.0,16.0,0.0,gas,255000,clean,automatic,good,8 cylinders,rwd,red,full-size,SUV,
329,1983 MERCEDES,,1991.0,31.0,0.0,diesel,,clean,automatic,excellent,6 cylinders,4wd,brown,mid-size,sedan,
330,MINI COOPER S,6000,2005.0,17.0,0.0,gas,113000,clean,manual,excellent,4 cylinders,fwd,orange,compact,convertible,
331,FORD FALCON,6000,1963.0,59.0,0.0,gas,,clean,manual,good,6 cylinders,rwd,red,,sedan,3H19U164011
332,JEEP WRANGLER UNLIMITED,29500,2014.0,8.0,0.0,gas,107000,clean,automatic,good,,4wd,black,,,
333,GMC SIERRA 2500HD DIESEL,38000,2007.0,15.0,0.0,diesel,114000,clean,automatic,,8 cylinders,,,,,1GTHK23677F541269
334,CHEVROLET TRAILBLAZER,6000,2008.0,14.0,0.0,gas,168000,clean,automatic,excellent,6 cylinders,rwd,silver,full-size,SUV,
335,FORD FUSION,15000,2014.0,8.0,0.0,gas,60205,clean,automatic,excellent,4 cylinders,fwd,red,mid-size,sedan,
336,SCION FRS,28000,2014.0,8.0,0.0,gas,38000,clean,automatic,,,,,,,
337,CHEVROLET SONIC LS,6500,2017.0,5.0,0.0,gas,87000,salvage,automatic,,,,,,,
338,FORD MUSTANG,2000,1965.0,57.0,0.0,gas,1000,missing,automatic,,,,,,,
339,FORD A MODEL,3000,1929.0,93.0,0.0,other,,clean,other,good,,,brown,,other,
340,CHEVROLET CAMARO,12500,1979.0,43.0,0.0,gas,,clean,automatic,,8 cylinders,,,,,
341,RAMBLER,2750,1963.0,59.0,0.0,gas,55000,clean,automatic,good,,rwd,,full-size,,
342,FORD EXPLORER SPORT TRAC XLT,8900,2005.0,17.0,0.0,gas,170006,clean,automatic,excellent,6 cylinders,rwd,silver,mid-size,truck,
343,INTERNATIONAL IC CE 300,10000,2010.0,12.0,0.0,diesel,128000,clean,automatic,excellent,,rwd,yellow,mid-size,bus,
344,TOYOTA TACOMA 4X4,26500,2014.0,8.0,1.0,gas,76000,salvage,automatic,excellent,6 cylinders,4wd,silver,full-size,,3TMMU4FN2EM071091
345,GMC YUKON XL DENALI,37850,2015.0,7.0,0.0,gas,84000,clean,automatic,good,,rwd,,,SUV,
346,FORD F-150,39000,2018.0,4.0,0.0,gas,48600,clean,automatic,like new,6 cylinders,4wd,white,full-size,truck,
347,SCION TC,2900,2009.0,13.0,0.0,gas,,clean,manual,fair,,,white,compact,other,
348,CHEVROLET COLORADO EXTENDED CAB,22500,2018.0,4.0,0.0,gas,32502,lien,manual,like new,4 cylinders,rwd,black,,,
349,CHEVROLET SILVERADO HIGH COUNTRY,76000,2019.0,3.0,0.0,diesel,30000,clean,automatic,like new,8 cylinders,4wd,black,full-size,truck,
350,HUMMER H2,12345,2005.0,17.0,0.0,gas,240000,clean,automatic,good,8 cylinders,4wd,blue,,,5GRGN23U85H117665
351,NISSAN MAXIMA,8300,2011.0,11.0,1.0,gas,114000,salvage,automatic,excellent,6 cylinders,fwd,black,,sedan,
352,NISSAN SENTRA S,10995,2018.0,4.0,1.0,gas,56222,rebuilt,automatic,excellent,4 cylinders,fwd,silver,compact,sedan,3N1AB7AP3JY302363
353,NISSAN FRONTIER SV CREW CAB,18600,2019.0,3.0,1.0,gas,48671,rebuilt,automatic,excellent,6 cylinders,rwd,silver,mid-size,truck,1N6ADOER9KN717418
354,CHEVROLET COLORADO 2WD WT,23380,2020.0,2.0,0.0,gas,25042,rebuilt,automatic,like new,4 cylinders,rwd,silver,mid-size,truck,1GCGSBEAXL1167728
355,GMC JIMMY,3500,1984.0,38.0,0.0,gas,151000,clean,automatic,fair,,,black,full-size,SUV,
356,CHEVY SILVERADO,7500,1995.0,27.0,0.0,gas,242000,clean,manual,good,8 cylinders,4wd,green,full-size,pickup,
357,RAM 1500,15500,2016.0,6.0,0.0,gas,198496,clean,automatic,excellent,8 cylinders,rwd,white,full-size,pickup,
358,ISUZU NPR,6800,2005.0,17.0,1.0,diesel,243000,salvage,automatic,excellent,4 cylinders,fwd,white,full-size,truck,
359,DODGE DURANGO SLT 4WD,2500,2001.0,21.0,0.0,gas,126320,clean,automatic,good,8 cylinders,4wd,,,SUV,
360,TOYOTA SIENNA,14000,2011.0,11.0,1.0,gas,206500,clean,automatic,excellent,6 cylinders,fwd,,,mini-van,
361,CHEVROLET SILVERADO 1500,31000,2016.0,6.0,0.0,gas,93000,clean,automatic,excellent,8 cylinders,4wd,black,full-size,truck,
362,CHEVY C10,3000,1979.0,43.0,0.0,gas,,clean,automatic,,8 cylinders,rwd,,,,
363,FORD RANGER 4X4,10500,2011.0,11.0,0.0,gas,129000,clean,automatic,good,6 cylinders,4wd,white,,truck,
364,CHEVY MONTE CARLO,12000,1974.0,48.0,0.0,gas,72000,clean,automatic,excellent,8 cylinders,rwd,,,coupe,
365,2005 DODGE RAM 2500,10000,2003.0,19.0,0.0,diesel,306000,clean,automatic,fair,6 cylinders,4wd,,,,
366,BMW 335I,5900,2008.0,14.0,0.0,gas,142000,rebuilt,automatic,good,6 cylinders,,blue,,,WBAWB73558P043902
367,CHRYSLER PACIFICA,3500,2005.0,17.0,0.0,gas,276000,clean,automatic,good,6 cylinders,fwd,silver,full-size,SUV,
368,LINCOLN TOWN CAR,8400,2007.0,15.0,0.0,gas,150000,clean,automatic,excellent,,,silver,,,
369,TOYOTA COROLLA SR5,4700,1989.0,33.0,1.0,gas,301000,clean,manual,good,4 cylinders,fwd,white,compact,coupe,
370,CHEVY TAHOE,10750,2008.0,14.0,0.0,gas,151000,clean,automatic,excellent,8 cylinders,4wd,grey,full-size,SUV,
371,TOYOTA CAMRY,5995,2005.0,17.0,1.0,gas,224400,clean,automatic,excellent,4 cylinders,fwd,,,,
372,BUICK REGAL,12345,1984.0,38.0,0.0,gas,1000,clean,automatic,,,,,,,
373,CHEVROLET CAMARO,24900,1987.0,35.0,0.0,gas,68000,clean,manual,excellent,8 cylinders,rwd,,,,
374,GMC SIERRA 1500,6250,1990.0,32.0,0.0,gas,161000,clean,automatic,good,8 cylinders,4wd,red,,truck,
375,HONDA ACCORD,1995,1999.0,23.0,1.0,gas,200000,clean,automatic,good,6 cylinders,fwd,green,mid-size,sedan,
376,FORD F-250,14000,2000.0,22.0,0.0,diesel,153000,clean,manual,good,8 cylinders,rwd,,,,
377,TOYOTA TUNDRA CREW CAB 4X2,7500,2000.0,22.0,1.0,gas,198614,clean,automatic,excellent,,rwd,green,mid-size,truck,
378,TOYOTA 4RUNNER,9000,2004.0,18.0,1.0,gas,181000,clean,automatic,good,6 cylinders,4wd,blue,full-size,SUV,
379,DODGE DART AERO,6000,2014.0,8.0,0.0,gas,118282,clean,automatic,excellent,4 cylinders,fwd,white,,,
380,CHRYSLER TOWN AND COUNTRY,3500,2007.0,15.0,0.0,gas,213000,clean,automatic,good,6 cylinders,rwd,silver,mid-size,mini-van,
381,MITSUBISHI FUSO,12500,1994.0,28.0,1.0,diesel,173556,clean,manual,good,6 cylinders,rwd,white,full-size,truck,JW6DNM1E8RL001218
382,FORD EXPLORER LIMITED,2200,2002.0,20.0,0.0,gas,203000,clean,automatic,good,6 cylinders,4wd,green,full-size,SUV,
383,TOYOTA 4RUNNER,6900,2004.0,18.0,1.0,gas,235068,clean,automatic,excellent,6 cylinders,rwd,,,,
384,TOYOTA MATRIX,3995,2007.0,15.0,1.0,gas,246550,clean,automatic,good,4 cylinders,,silver,compact,hatchback,
385,NISSAN MAXIMA SR,17500,2017.0,5.0,1.0,gas,,salvage,automatic,good,6 cylinders,fwd,black,full-size,sedan,
386,NISSAN MAXIMA SR,18500,2017.0,5.0,1.0,gas,56000,salvage,automatic,good,6 cylinders,fwd,black,full-size,sedan,
387,CHEVROLET IMPALA LTZ,3300,2013.0,9.0,0.0,gas,165000,clean,automatic,excellent,,,,,sedan,
388,CHEVROLET TRAILBLAZER LT,2000,2002.0,20.0,0.0,gas,226806,clean,automatic,,6 cylinders,rwd,,,,
389,DODGE RAM 3500,24500,2009.0,13.0,0.0,diesel,91901,clean,manual,excellent,6 cylinders,4wd,black,,truck,
390,SUBARU OUTBACK LL BEAN EDITION,5700,2005.0,17.0,1.0,gas,116228,clean,automatic,good,6 cylinders,4wd,green,,wagon,
391,HUMMER H3,13500,2007.0,15.0,0.0,gas,224500,clean,automatic,excellent,5 cylinders,4wd,black,,SUV,
392,CADILLAC ESCALADE ESV,45000,2016.0,6.0,0.0,gas,89000,lien,automatic,excellent,8 cylinders,4wd,white,,SUV,
393,CHEVY SILVERADO,2500,2003.0,19.0,0.0,gas,374000,clean,automatic,good,8 cylinders,rwd,silver,full-size,pickup,
394,JEEP GRAND CHEROKEE LAREDO,5200,2006.0,16.0,0.0,gas,94300,salvage,automatic,good,6 cylinders,,,,SUV,
395,GMC ACADIA SLE,4800,2008.0,14.0,0.0,gas,133192,salvage,automatic,good,6 cylinders,fwd,blue,full-size,SUV,1GKER13758J156281
396,CHEVROLET IMPALA LT,2800,2009.0,13.0,0.0,gas,161194,salvage,automatic,good,6 cylinders,fwd,custom,mid-size,sedan,2G1WT57K491260594
397,DODGE CHALLENGER R/T,8800,2010.0,12.0,0.0,gas,198000,clean,automatic,,,,,,,
398,FORD FUSION,3200,2012.0,10.0,0.0,gas,129295,salvage,automatic,good,4 cylinders,fwd,black,mid-size,sedan,3FAHPOJAXCR310205
399,FORD F-350,95000,2019.0,3.0,0.0,diesel,20500,clean,automatic,like new,8 cylinders,4wd,black,full-size,pickup,1FT8W3BT2KEE74435
400,BUICK LESABRE 4S,975,2005.0,17.0,0.0,gas,127000,salvage,automatic,salvage,,,,,,
401,FORD EXPEDITION EL,20000,2013.0,9.0,0.0,gas,119500,clean,automatic,excellent,8 cylinders,fwd,white,,SUV,
402,DODGE CHARGER R/T,2500,2006.0,16.0,0.0,gas,153000,clean,automatic,fair,8 cylinders,4wd,custom,full-size,sedan,
403,MORGAN PLUS 8,65000,1982.0,40.0,0.0,gas,14500,clean,manual,like new,,rwd,blue,,,
404,VOLVO 240,2800,1992.0,30.0,0.0,gas,,clean,automatic,good,4 cylinders,rwd,white,mid-size,sedan,
405,FORD F-150,2500,1998.0,24.0,0.0,gas,247881,salvage,automatic,good,8 cylinders,rwd,green,full-size,truck,
406,TOYOTA TACOMA,3500,1998.0,24.0,1.0,gas,,clean,manual,good,4 cylinders,,red,,pickup,
407,JEEP WANGLER,7300,1999.0,23.0,0.0,gas,189800,clean,manual,good,6 cylinders,4wd,blue,,SUV,
408,HONDA ACCORD,800,2000.0,22.0,1.0,gas,279077,clean,automatic,,,,,,,
409,TOYOTA SEQUOIA SR5,4800,2002.0,20.0,1.0,gas,218000,clean,automatic,good,8 cylinders,4wd,,,,
410,LINCOLN TOWN CAR,8800,2006.0,16.0,0.0,gas,96540,clean,automatic,like new,8 cylinders,rwd,white,full-size,sedan,
411,SAAB 9-3 AERO CONVERTIBLE,7900,2007.0,15.0,0.0,gas,189000,clean,automatic,excellent,6 cylinders,rwd,silver,,convertible,
412,HUYNDAI TUCSON,4500,2009.0,13.0,0.0,gas,150186,clean,manual,good,4 cylinders,fwd,silver,mid-size,SUV,KM8JM12B59U044106
413,MINI COOPER,5999,2009.0,13.0,0.0,gas,114500,clean,manual,excellent,4 cylinders,fwd,blue,compact,,
414,NISSAN MAXIMA,4200,2009.0,13.0,1.0,gas,174816,salvage,automatic,excellent,6 cylinders,fwd,grey,mid-size,,
415,FORD F150 SUPERCREW,25000,2011.0,11.0,0.0,gas,107500,clean,automatic,excellent,8 cylinders,4wd,white,full-size,,
416,CHEVROLET SILVERADO LT,21500,2014.0,8.0,0.0,gas,119000,clean,automatic,excellent,8 cylinders,rwd,grey,,truck,1GCRCREC7EZ187293
417,HYUNDAI SANTA FE SPORT,16550,2014.0,8.0,0.0,gas,59080,clean,automatic,good,4 cylinders,rwd,white,mid-size,,
418,JEEP GRAND CHEROKEE OVERLAND 4X4,22000,2014.0,8.0,0.0,gas,100300,clean,automatic,good,6 cylinders,4wd,grey,full-size,SUV,
419,CADILLAC SRX,32300,2015.0,7.0,0.0,gas,36610,clean,automatic,excellent,6 cylinders,4wd,brown,mid-size,SUV,3GYFNEE35FS569605
420,GMC SIERRA 2500HD DENALI,55000,2016.0,6.0,0.0,gas,49200,clean,automatic,excellent,,4wd,black,,truck,
421,JEEP WRANGLER,31000,2016.0,6.0,0.0,gas,42838,clean,manual,good,6 cylinders,4wd,purple,full-size,,1C4BJWEG2GL193355
422,MERCEDES BENZ C300,16500,2016.0,6.0,0.0,gas,117000,clean,automatic,good,4 cylinders,rwd,red,mid-size,sedan,
423,JEEP WRANGLER UNLIMITED,42000,2017.0,5.0,0.0,gas,15850,clean,automatic,like new,,4wd,black,full-size,SUV,1C4BJWDG6HL716640
424,VOLKSWAGEN TIGUAN SEL,25500,2019.0,3.0,0.0,gas,22500,lien,automatic,excellent,4 cylinders,4wd,,,,
425,MAZDA 4X4,2250,1991.0,31.0,1.0,diesel,140000,clean,automatic,good,6 cylinders,fwd,grey,full-size,SUV,
426,FORD E350 SHUTTLE BUS,6500,1993.0,29.0,0.0,gas,104000,clean,automatic,good,8 cylinders,rwd,,,,
427,AUDI 06 QUATTRO,5000,2006.0,16.0,0.0,gas,147792,clean,automatic,good,4 cylinders,,,,sedan,WAULL44E96N018166
428,THOMAS SCHOOL BUS,10500,2002.0,20.0,0.0,gas,73000,clean,automatic,excellent,6 cylinders,rwd,blue,mid-size,bus,
429,CHEVROLET S10 PICKUP,9000,2000.0,22.0,0.0,gas,121000,clean,automatic,excellent,6 cylinders,4wd,blue,mid-size,pickup,
430,N/A,45,1964.0,58.0,0.0,gas,100,clean,automatic,good,8 cylinders,fwd,,,,
431,FORD THUNDERBIRD,29000,2004.0,18.0,0.0,gas,13000,clean,automatic,like new,8 cylinders,rwd,red,,,
432,CHEVY SILVERADO,10900,2007.0,15.0,0.0,gas,147000,clean,automatic,excellent,8 cylinders,rwd,,,,
433,FORD F250 SUPER DUTY XLT,20000,1999.0,23.0,0.0,diesel,180000,clean,manual,good,8 cylinders,rwd,white,full-size,truck,
434,FORD F-150 XLT,28500,2013.0,9.0,0.0,gas,55000,clean,automatic,like new,6 cylinders,4wd,black,full-size,truck,
435,CHEVY C10 TRUCK,24500,1968.0,54.0,0.0,gas,1000,clean,automatic,good,8 cylinders,rwd,green,full-size,truck,
436,FORD RANGER XLT,4200,2001.0,21.0,0.0,gas,105500,clean,automatic,fair,4 cylinders,rwd,white,mid-size,pickup,
437,HYUNDAI TUCSON SE SPORT UTILITY,14500,2014.0,8.0,0.0,gas,94000,clean,automatic,excellent,4 cylinders,fwd,grey,mid-size,SUV,
438,GMC SIERRA 1500,65000,2020.0,2.0,0.0,gas,16700,clean,automatic,like new,8 cylinders,4wd,blue,full-size,truck,
439,OLDSMOBILE 88 4DR SDN,16900,1956.0,66.0,0.0,gas,,clean,automatic,excellent,8 cylinders,rwd,custom,full-size,sedan,
440,FORD RANGER,13500,1984.0,38.0,0.0,gas,100000,clean,manual,excellent,,rwd,custom,mid-size,pickup,
441,MERCEDES BENZ 300SD,2000,1984.0,38.0,0.0,diesel,244889,clean,automatic,fair,5 cylinders,rwd,brown,full-size,sedan,
442,FORD MUSTANG COUPE,15500,1989.0,33.0,0.0,gas,100000,clean,manual,good,,rwd,blue,mid-size,coupe,
443,GMC,11000,1989.0,33.0,0.0,diesel,200000,clean,automatic,good,,,white,full-size,truck,1GDG7D1G3KV509241
444,HONDA DEL SOL SI,5400,1995.0,27.0,1.0,gas,336256,clean,manual,good,4 cylinders,fwd,white,compact,coupe,JHMEG1143SS001576
445,GMC JIMMY,1995,1996.0,26.0,0.0,gas,228687,salvage,automatic,fair,6 cylinders,4wd,red,full-size,SUV,
446,NISSAN PATHFINDER,2500,1996.0,26.0,1.0,gas,290000,clean,automatic,fair,6 cylinders,4wd,white,mid-size,SUV,
447,JAGUAR XJ6,4000,1997.0,25.0,0.0,gas,111806,clean,automatic,excellent,6 cylinders,rwd,blue,mid-size,sedan,SAJHX1240VC802608
448,GMC SIERRA 2500HD,5500,2001.0,21.0,0.0,gas,302000,clean,automatic,good,8 cylinders,rwd,white,full-size,truck,
449,JEEP LIBERTY SPORT,2900,2002.0,20.0,0.0,gas,172000,clean,automatic,good,,,,,,
450,CHEVROLET TAHOE,5250,2004.0,18.0,0.0,gas,264000,clean,automatic,excellent,8 cylinders,4wd,white,full-size,SUV,
451,HONDA PILOT,3500,2004.0,18.0,1.0,gas,,clean,automatic,good,,,,,,
452,VOLKSWAGEN TOUAREG V6,7500,2004.0,18.0,0.0,gas,77400,salvage,automatic,excellent,6 cylinders,4wd,green,mid-size,SUV,
453,TOYOTA CAMRY,2200,2005.0,17.0,1.0,gas,240000,clean,automatic,good,4 cylinders,fwd,white,mid-size,sedan,
454,VOLKSWAGEN PASSAT,4400,2005.0,17.0,0.0,gas,157000,clean,automatic,excellent,4 cylinders,fwd,silver,mid-size,sedan,
455,CHRYSLER PACIFICA,1500,2007.0,15.0,0.0,gas,196385,clean,automatic,good,,,,,,
456,FORD CROWN VICTORIA POLICE,3500,2008.0,14.0,0.0,gas,156000,clean,automatic,,,,,,,
457,RAM 3500 HD,26500,2009.0,13.0,0.0,diesel,135000,clean,automatic,like new,6 cylinders,rwd,red,full-size,truck,
458,BMW 128I,9300,2010.0,12.0,0.0,gas,116511,salvage,automatic,excellent,6 cylinders,,,,,
459,TOYOTA TACOMA 4X4,20900,2010.0,12.0,1.0,gas,78000,rebuilt,automatic,,,,,,,
460,HONDA ACCORD,9600,2012.0,10.0,1.0,gas,97000,salvage,automatic,good,4 cylinders,fwd,black,full-size,sedan,
461,INFINITI G37,12500,2012.0,10.0,1.0,gas,52000,rebuilt,automatic,excellent,6 cylinders,rwd,black,mid-size,coupe,
462,DODGE DART,4000,2013.0,9.0,0.0,gas,136000,clean,manual,excellent,4 cylinders,fwd,grey,compact,sedan,
463,ACURA RDX,15500,2014.0,8.0,1.0,gas,112000,clean,automatic,excellent,,,,,,
464,HONDA CR-V EXL,15000,2014.0,8.0,1.0,gas,137000,clean,automatic,excellent,4 cylinders,,,,,
465,JEEP WRANGLER UNLIMITED SAHARA,22500,2014.0,8.0,0.0,gas,115000,rebuilt,automatic,excellent,6 cylinders,4wd,black,full-size,SUV,
466,ACURA TLX 3.5L V6,13500,2015.0,7.0,1.0,gas,93000,salvage,automatic,good,6 cylinders,fwd,black,,sedan,
467,LEXUS RX 350,21500,2015.0,7.0,1.0,gas,89000,rebuilt,automatic,excellent,6 cylinders,4wd,white,full-size,SUV,
468,KIA RIO,6700,2016.0,6.0,0.0,gas,156000,clean,automatic,good,,,blue,,sedan,
469,LEXUS IS200T,17100,2016.0,6.0,1.0,gas,92000,salvage,automatic,excellent,4 cylinders,rwd,grey,,sedan,
470,DODGE RAM 1500,21500,2017.0,5.0,0.0,gas,57000,rebuilt,automatic,excellent,6 cylinders,rwd,black,full-size,truck,
471,FORD FOCUS SE HATCHBACK,7999,2017.0,5.0,0.0,gas,32800,salvage,automatic,,,,,,,
472,CHEVY CORVETTE,27900,2005.0,17.0,0.0,gas,15202,clean,automatic,like new,8 cylinders,fwd,silver,mid-size,convertible,
473,ACURA TL,10200,2012.0,10.0,1.0,gas,143000,salvage,automatic,good,6 cylinders,,black,mid-size,sedan,
474,CAMPER,19000,2020.0,2.0,0.0,gas,62000,clean,automatic,,,,,,,
475,CHEVROLET TAHOE Z71,13500,2010.0,12.0,0.0,gas,173150,clean,automatic,good,6 cylinders,fwd,grey,full-size,SUV,
476,TOYOTA FJ CRUISER 4X4,19,2007.0,15.0,1.0,gas,128000,rebuilt,automatic,excellent,,4wd,grey,,offroad,
477,JEEP WRANGLER UNLIMITED,19500,2008.0,14.0,0.0,gas,140000,clean,automatic,good,6 cylinders,4wd,black,full-size,SUV,
478,N/A,4000,1968.0,54.0,0.0,gas,100000,clean,automatic,,,,,,,
479,FORD EXPLORER ,5500,2006.0,16.0,0.0,gas,111000,clean,automatic,,6 cylinders,fwd,blue,,SUV,
480,DODGE DART SXT,6200,2013.0,9.0,0.0,gas,62000,salvage,automatic,excellent,4 cylinders,fwd,black,sub-compact,sedan,
481,HONDA ODYSSEY TOYOTA SIENNA,7900,2013.0,9.0,1.0,gas,165000,clean,automatic,,,,,,,
482,HONDA ODYSSEY TOYOTA SIENNA,11900,2015.0,7.0,1.0,gas,103000,clean,automatic,,,,,,,
483,TOYOTA CAMRY LE 4DR SEDAN,3900,2004.0,18.0,1.0,gas,244000,clean,automatic,excellent,4 cylinders,fwd,white,mid-size,sedan,JTDBE32K240248119
484,JEEP LIBERTY,6300,2006.0,16.0,0.0,gas,170926,clean,automatic,good,6 cylinders,,green,,SUV,
485,HYUNDAI SONATA,8000,2012.0,10.0,0.0,gas,171000,clean,automatic,excellent,4 cylinders,fwd,red,,sedan,5NPEC4ABXCH380458
486,CAVA S926,60000,2000.0,22.0,0.0,gas,0,clean,other,,,,,,,
487,MUSTANG GT,6900,2004.0,18.0,0.0,gas,116400,clean,manual,good,8 cylinders,rwd,blue,mid-size,coupe,
488,HONDA ELEMENT LX,10500,2011.0,11.0,1.0,gas,132000,clean,automatic,excellent,4 cylinders,fwd,silver,,SUV,5J6YH1H3XBL003239
489,HONDA CRV LX,4995,2005.0,17.0,1.0,gas,250000,clean,automatic,good,4 cylinders,4wd,black,full-size,SUV,
490,FORD E-250,2000,2008.0,14.0,0.0,gas,240000,clean,automatic,fair,8 cylinders,,white,,,
491,CHRYSLER CROSSFIRE COUPE,14500,2007.0,15.0,0.0,gas,20562,clean,automatic,excellent,6 cylinders,rwd,red,compact,coupe,
492,BUICK LUCERNE,8000,2007.0,15.0,0.0,gas,100600,clean,automatic,like new,6 cylinders,fwd,green,full-size,sedan,
493,TOYOTA PICKUP,6000,1988.0,34.0,1.0,gas,147172,clean,manual,fair,6 cylinders,4wd,red,,truck,
494,TOYOTA  TACOMA,18800,2016.0,6.0,1.0,gas,78580,rebuilt,automatic,like new,6 cylinders,rwd,black,compact,truck,
495,FORD F250 SUPER DUTY,40000,2012.0,10.0,0.0,diesel,39000,clean,automatic,like new,8 cylinders,4wd,silver,,pickup,
496,DODGE DAKOTA,5875,2006.0,16.0,0.0,gas,,clean,automatic,,6 cylinders,4wd,grey,mid-size,pickup,
497,FORD F150 4X4,13900,2010.0,12.0,0.0,gas,172000,clean,automatic,good,8 cylinders,4wd,brown,full-size,truck,1FTFW1EV8AFA29148
498,MODEL A FORD TUDOR,15000,1930.0,92.0,0.0,gas,50000,clean,manual,excellent,4 cylinders,rwd,black,,,
499,SUBARU FORESTER,5200,2007.0,15.0,1.0,gas,159300,clean,automatic,good,4 cylinders,,,,,
500,MINI COOPER COUNTRYMAN S,18400,2014.0,8.0,0.0,gas,12798,clean,automatic,like new,4 cylinders,fwd,blue,compact,other,
501,CADILLAC ESCALADE,63500,2020.0,2.0,0.0,gas,11500,salvage,automatic,like new,8 cylinders,rwd,black,full-size,SUV,
502,RAM 1500,19500,2016.0,6.0,0.0,gas,141240,clean,automatic,excellent,8 cylinders,rwd,black,,truck,
503,JAGUAR XK8 CONVERTIBLE,5700,1997.0,25.0,0.0,gas,144700,clean,automatic,good,8 cylinders,rwd,blue,mid-size,convertible,
504,FORD TAURUS SE,3450,2000.0,22.0,0.0,gas,123400,clean,automatic,good,6 cylinders,fwd,red,full-size,sedan,
505,BMW 323I,4800,2000.0,22.0,0.0,gas,127122,clean,automatic,good,6 cylinders,rwd,green,,sedan,
506,RAM 2500,66900,2017.0,5.0,0.0,diesel,21000,clean,automatic,like new,other,4wd,white,full-size,truck,
507,JEEP CHEROKEE SPORT,4500,1994.0,28.0,0.0,gas,,lien,automatic,good,6 cylinders,4wd,black,full-size,SUV,
508,FORD RANGER,3700,2000.0,22.0,0.0,gas,270000,clean,automatic,,,,,,,
509,CHEVY BLAZER,1000,2002.0,20.0,0.0,gas,260000,clean,automatic,,,,,,,
510,MALBU,1700,1980.0,42.0,0.0,gas,,clean,automatic,good,6 cylinders,rwd,brown,,,
511,TOYOTA CAMRY,700,1995.0,27.0,1.0,gas,1000,clean,manual,fair,4 cylinders,fwd,green,,sedan,
512,GMC,5900,2006.0,16.0,0.0,gas,230000,clean,automatic,excellent,8 cylinders,4wd,silver,full-size,SUV,
513,GMC,5200,2006.0,16.0,0.0,gas,230000,clean,automatic,excellent,8 cylinders,4wd,silver,full-size,SUV,
514,CHEVROLET TRAILBLAZER,4000,2008.0,14.0,0.0,gas,171000,clean,automatic,good,6 cylinders,4wd,white,mid-size,SUV,
515,MERCURY MARINER,4300,2008.0,14.0,0.0,hybrid,139000,salvage,other,good,4 cylinders,fwd,blue,mid-size,SUV,
516,MERCURY MARINER,3950,2008.0,14.0,0.0,hybrid,139000,salvage,other,good,4 cylinders,fwd,blue,mid-size,SUV,
517,FORD E150 ECONOLINE,3300,1999.0,23.0,0.0,gas,220000,clean,automatic,,,,,,,
518,GMC S 15,1500,1989.0,33.0,0.0,gas,168000,clean,automatic,,,,,,,
